,1,2,3,4,5,6,7,8,9,10,11,12,13,14,15,16,17,18,19
0,1003.84,486.29,492.1,682.47,488.64,577.75,426.45,606.03,783.1,677.18,,751.58,1007.81,,952.13,,,,
1,724.53,245.66,213.96,520.48,633.59,334.44,173.61,1348.58,586.62,510.81,,654.1,243.57,,572.49,,,,
2,279.31,2847.74,786.37,770.74,535.87,528.34,871.95,1106.8,503.95,360.57,,367.09,789.48,,294.21,,,,
3,1396.41,2723.32,671.38,658.49,399.94,460.44,774.33,925.98,201.2,1049.2,,131.92,707.46,,1255.6,,,,
4,998.72,656.26,566.01,555.39,269.26,395.51,679.44,609.57,644.24,915.69,,1094.74,637.19,,1015.25,,,,
5,785.01,447.65,308.91,402.99,443.06,335.33,392.47,568.5,547.0,793.95,,726.19,146.11,,907.23,,,,
6,330.93,375.33,495.51,663.61,261.67,235.18,207.15,402.82,475.16,530.89,,626.04,424.08,,715.03,,,,
7,417.64,185.01,195.44,505.43,586.65,556.87,475.03,684.44,490.17,419.34,,551.79,353.48,,545.63,,,,
8,463.75,468.75,777.16,820.99,429.31,400.68,267.85,528.86,224.24,200.7,,243.87,657.11,,251.81,,,,
9,390.82,274.98,501.73,620.11,211.83,451.07,659.28,744.25,781.45,646.72,,535.32,568.04,,649.17,,,,
10,459.61,542.37,348.72,534.98,545.91,372.1,475.72,560.84,693.14,430.35,,457.95,422.97,,182.24,,,,
11,380.29,153.38,96.67,331.79,463.76,301.49,334.55,410.02,390.16,856.15,,489.14,249.39,,572.34,,,,
12,254.17,492.84,438.69,389.65,343.35,236.18,610.47,221.16,179.46,532.41,,406.2,1181.7,,398.54,,,,
13,182.01,419.26,753.52,1080.84,181.08,70.24,456.31,533.61,606.26,367.87,,234.13,1142.1,,262.13,,,,
14,188.46,293.79,387.0,909.98,174.86,636.62,226.03,378.26,433.52,824.56,,99.19,1065.11,,1365.06,,,,
15,157.93,171.05,840.43,716.1,942.57,550.69,1031.89,72.93,251.41,624.94,,505.64,207.93,,1454.07,,,,
16,622.0,216.61,1062.88,744.9,1010.89,468.45,937.94,43.61,790.12,452.17,,422.86,95.71,,388.92,,,,
17,836.41,151.82,725.09,651.04,935.95,342.91,691.04,147.63,193.07,203.44,,347.38,225.79,,223.49,,,,
18,939.55,689.06,242.94,477.9,799.1,139.44,415.97,245.34,576.13,314.67,,453.54,980.91,,216.61,,,,
19,421.95,464.9,414.89,706.36,292.54,1003.69,1714.17,1033.73,1097.9,627.82,,379.51,877.0,,8.55,,,,
20,1694.17,203.37,319.9,244.68,276.54,906.97,725.59,1033.89,1007.9,1063.88,,236.73,778.15,,911.53,,,,
21,597.37,862.98,237.02,155.89,201.06,824.09,759.75,783.1,901.98,967.92,,573.33,706.1,,1029.74,,,,
22,472.8,503.4,353.28,415.3,346.01,749.14,388.9,1639.97,634.01,800.12,,1083.84,206.47,,977.92,,,,
23,283.52,778.78,270.85,324.31,201.2,571.91,298.86,1493.02,397.03,394.03,,1021.89,368.83,,714.1,,,,
24,203.26,551.1,409.64,3351.14,291.94,1658.6,219.08,1063.65,1472.91,202.38,,587.93,282.85,,249.91,,,,
25,330.78,437.47,313.31,3617.17,210.72,805.68,393.41,282.1,1558.86,1229.38,,159.94,376.58,,1049.99,,,,
26,251.92,278.62,230.09,3849.16,139.82,265.45,301.35,198.48,432.79,947.34,,631.24,291.36,,896.75,,,,
27,475.46,205.86,438.76,3021.45,296.51,175.02,226.25,118.49,110.93,583.15,,400.42,220.09,,779.65,,,,
28,374.76,510.0,329.51,969.26,224.22,98.7,750.26,178.34,728.42,1108.63,,311.48,359.85,,423.53,,,,
29,207.15,292.78,388.08,724.83,399.88,330.03,385.0,118.08,595.15,985.06,,230.15,269.26,,441.82,,,,
30,136.99,230.38,292.47,281.77,317.36,249.1,288.35,742.69,474.98,870.66,,317.84,334.72,,188.12,,,,
31,337.82,125.19,1164.4,408.09,348.27,124.31,206.41,356.01,373.07,645.33,,238.01,268.78,,371.45,,,,
32,258.61,3101.1,1323.2,512.51,275.6,496.02,385.9,262.71,287.01,386.0,,717.26,368.63,,291.39,,,,
33,494.1,893.82,1443.83,660.19,217.35,383.61,298.5,169.41,507.55,194.29,,380.58,277.49,,223.55,,,,
34,391.57,508.3,431.41,571.23,104.99,288.96,290.47,311.94,402.16,504.76,,289.75,149.4,,294.93,,,,
35,221.78,352.4,1018.71,364.91,1195.0,202.85,514.56,274.69,312.81,423.46,,434.46,331.36,,219.36,,,,
36,341.13,220.77,968.92,216.61,1002.69,65.98,318.58,188.72,170.28,222.14,,345.15,254.46,,486.82,,,,
37,264.79,477.19,681.08,1086.87,608.96,266.79,139.93,293.79,650.07,2359.44,,264.72,199.05,,302.68,,,,
38,168.47,333.73,289.48,917.97,332.3,195.17,961.28,239.85,507.45,2584.09,,489.85,120.47,,399.21,,,,
39,206.17,457.39,719.27,658.04,515.05,354.77,969.92,267.54,425.17,672.75,,391.57,183.92,,310.51,,,,
40,114.47,273.88,266.67,880.96,3244.65,267.71,393.03,198.03,328.72,479.07,,158.61,687.09,,75.23,,,,
41,558.92,201.61,191.49,707.8,3465.36,444.74,87.58,671.09,173.65,402.16,,406.78,637.99,,469.0,,,,
42,436.92,1356.61,1211.46,625.92,3659.96,270.18,605.2,422.95,348.12,253.35,,322.55,542.9,,228.59,,,,
43,330.3,986.8,2010.18,1391.5,3747.91,210.27,526.88,243.93,186.24,410.23,,251.97,470.89,,185.64,,,,
44,163.06,345.14,3938.86,1414.71,3469.45,168.47,3714.16,1174.72,355.41,266.72,,147.04,1186.68,,217.56,,,,
45,446.26,366.57,4163.41,3573.32,1717.99,246.97,3807.42,986.93,270.5,1502.98,,62.37,1241.93,,188.98,,,,
46,349.58,162.53,3439.37,3840.17,865.53,160.31,3984.07,704.65,191.46,1577.25,,185.87,3782.75,,595.94,,,,
47,1363.93,730.65,2565.99,3993.39,604.92,88.81,4418.97,955.49,363.98,1392.76,,799.1,3861.81,,482.89,,,,
48,1081.42,957.59,1349.53,1606.76,523.6,748.51,2923.68,1237.8,276.88,1247.52,,541.9,3932.62,,380.06,,,,
49,857.77,1023.89,1217.3,1301.07,321.96,634.78,2792.76,1366.99,169.76,252.65,,433.92,3359.53,,292.47,,,,
50,653.67,483.89,752.31,292.24,468.49,427.95,1167.53,1559.88,187.51,509.57,,337.2,2338.3,,502.26,,,,
51,480.15,332.25,659.33,859.93,396.34,1014.71,757.74,1713.19,93.62,326.06,,179.86,1356.09,,407.85,,,,
52,993.92,391.43,496.87,594.94,231.6,268.67,597.99,3755.1,703.1,1616.21,,579.82,1188.79,,319.39,,,,
53,571.1,241.17,1867.33,818.9,378.68,412.1,389.04,3411.53,459.9,1416.95,,484.26,1761.32,,799.2,,,,
54,374.4,618.38,1708.54,696.8,409.7,676.16,741.33,3263.91,276.58,784.37,,1997.66,1644.58,,682.63,,,,
55,1858.83,3863.8,1409.82,490.19,331.11,1800.93,623.3,1641.3,202.51,885.49,,2249.71,1446.93,,401.83,,,,
56,806.37,4186.1,865.25,402.16,305.98,1961.99,438.77,1505.91,650.06,978.64,,2583.28,226.61,,328.34,,,,
57,485.74,4327.82,381.4,421.76,376.22,4341.29,392.3,366.7,429.6,1001.91,,2868.39,607.82,,333.69,,,,
58,563.17,3534.07,165.87,658.52,259.46,4409.57,242.38,524.9,338.47,195.44,,3088.73,1234.0,,211.29,,,,
59,249.51,2772.14,531.95,494.8,159.36,3405.76,441.25,789.86,1706.39,946.39,,3340.64,340.18,,752.0,,,,
60,683.04,2531.45,370.17,773.44,769.13,2547.6,921.37,680.31,1600.69,720.24,,3622.23,266.31,,638.92,,,,
61,501.17,845.69,997.59,587.63,585.95,2253.99,828.05,505.23,1510.22,148.21,,2061.76,1346.48,,443.76,,,,
62,736.56,429.43,562.34,424.75,499.88,581.65,669.11,444.05,1367.73,73.19,,938.15,1450.46,,363.45,,,,
63,419.26,154.33,309.73,144.5,220.15,506.51,429.91,483.68,1211.27,663.6,,757.45,570.42,,160.92,,,,
64,354.55,3870.69,1319.05,1017.89,254.87,278.63,897.49,646.27,1736.13,778.12,,1145.95,148.16,,437.78,,,,
65,260.27,809.97,1137.86,903.98,539.73,629.13,999.66,548.07,2904.1,982.66,,771.96,286.21,,228.24,,,,
66,71.49,706.59,443.89,800.1,393.42,541.17,1053.89,382.53,4058.22,1072.74,,210.52,192.57,,493.39,,,,
67,638.92,528.34,222.14,524.89,250.82,476.0,980.91,695.43,2626.53,3425.77,,964.79,1054.89,,411.78,,,,
68,656.72,241.05,760.42,516.19,171.41,404.38,771.13,510.39,1100.3,3530.46,,730.16,973.92,,33.21,,,,
69,777.13,363.94,361.5,323.42,95.11,455.8,394.49,432.66,825.45,3624.29,,622.44,900.98,,1400.54,,,,
70,615.97,406.2,666.66,241.87,187.61,314.04,267.67,1050.76,718.6,3786.88,,520.81,255.8,,1511.24,,,,
71,158.95,322.2,546.02,304.22,125.65,584.5,701.06,1057.89,457.62,3925.48,,385.0,1354.15,,1452.35,,,,
72,1357.67,247.04,1048.79,223.55,258.35,498.34,307.24,956.93,278.63,3545.76,,481.51,1273.29,,263.84,,,,
73,566.69,641.45,1053.88,286.15,180.05,354.65,219.27,783.15,970.14,3038.45,,336.83,492.86,,466.85,,,,
74,153.08,560.84,947.94,205.74,206.16,443.36,153.65,672.34,728.8,645.75,,606.04,391.79,,259.31,,,,
75,1885.5,344.69,685.06,324.31,329.7,382.13,499.77,338.94,534.49,463.22,,427.21,305.14,,75.28,,,,
76,3567.16,189.59,546.9,318.77,245.08,326.95,298.49,255.69,393.3,244.25,,160.69,300.63,,1876.61,,,,
77,3670.2,198.9,435.88,230.64,300.31,215.35,217.41,353.28,657.68,1381.21,,691.34,224.96,,919.23,,,,
78,3934.7,999.91,298.18,347.38,233.36,135.01,778.31,272.25,487.8,1113.51,,621.52,424.61,,713.29,,,,
79,3381.99,796.15,214.27,270.18,186.6,1046.89,397.73,364.85,228.24,992.02,,547.89,328.72,,803.38,,,,
80,1920.99,543.9,252.6,142.61,62.01,960.93,305.91,278.01,712.71,679.44,,366.73,243.23,,959.59,,,,
81,844.92,314.38,437.93,177.85,15.29,882.0,448.35,401.67,606.71,506.08,,280.19,322.21,,1067.88,,,,
82,980.65,314.1,336.14,1247.79,321.31,27.96,274.91,313.93,436.33,274.42,,123.63,498.34,,281.57,,,,
83,577.21,386.9,248.99,883.41,238.05,486.39,564.49,363.75,855.33,433.48,,211.84,399.21,,696.61,,,,
84,1042.02,362.76,394.44,215.35,164.05,397.56,327.82,267.13,743.49,224.22,,1108.92,296.07,,631.46,,,,
85,912.57,285.51,306.76,625.84,465.09,230.15,234.8,179.64,642.86,428.57,,1005.9,380.77,,151.89,,,,
86,559.85,221.1,411.11,372.1,370.96,149.52,441.45,226.23,473.7,342.86,,908.98,299.0,,558.25,,,,
87,413.25,145.92,212.95,756.15,285.54,284.27,348.27,182.78,341.57,190.6,,378.06,234.56,,4.17,,,,
88,451.49,80.34,316.35,596.12,1550.24,212.55,211.53,136.28,371.94,984.0,,27.04,105.93,,1362.63,,,,
89,585.24,220.09,191.64,3157.01,1401.9,149.7,221.98,886.64,753.32,788.87,,482.14,188.8,,1487.92,,,,
90,342.86,153.81,114.47,3274.92,1264.4,613.52,604.97,775.81,1098.89,617.31,,414.14,554.92,,1202.81,,,,
91,710.15,217.2,488.88,3464.36,1022.55,294.93,489.88,574.66,998.9,389.9,,322.01,432.92,,4207.91,,,,
92,524.64,141.91,381.03,3634.45,589.08,212.88,289.48,814.07,907.97,486.48,,239.06,244.84,,3613.53,,,,
93,315.02,79.91,285.56,1786.53,363.82,280.05,576.48,941.96,568.91,179.92,,376.58,169.97,,964.53,,,,
94,261.97,421.94,393.42,1507.22,461.82,206.16,464.1,3138.91,414.89,846.43,,287.82,1636.03,,912.15,,,,
95,265.64,258.61,694.91,791.5,284.26,365.81,273.67,3248.69,318.49,955.59,,286.15,1773.35,,398.64,,,,
96,31.75,346.45,573.09,621.86,1539.49,267.71,886.65,4039.74,235.77,1056.79,,194.99,3602.79,,951.77,,,,
97,194.11,260.15,281.36,650.94,856.79,180.5,438.23,3819.3,344.6,906.98,,416.49,3702.91,,775.75,,,,
98,584.83,245.24,689.99,551.79,519.43,230.97,358.1,1615.68,191.0,706.08,,327.53,3649.37,,475.22,,,,
99,1034.89,200.12,505.0,474.62,308.91,187.59,218.29,1385.37,474.62,330.3,,180.28,2222.6,,947.38,,,,
100,714.12,161.81,183.66,631.64,698.89,163.48,693.9,512.85,376.97,456.78,,463.03,2185.45,,830.46,,,,
101,379.06,55.69,3422.39,538.47,350.51,79.1,528.75,548.68,292.73,283.51,,356.82,1612.14,,626.04,,,,
102,314.38,904.98,3332.61,727.19,201.27,196.82,248.42,402.95,215.79,255.69,,198.72,807.22,,472.4,,,,
103,635.81,790.15,2756.89,532.41,116.36,370.1,755.1,855.43,463.25,179.76,,212.79,708.1,,333.94,,,,
104,490.66,601.94,727.06,648.32,887.49,276.58,439.6,742.2,371.3,100.05,,173.27,614.36,,155.97,,,,
105,388.9,415.95,266.45,475.09,1042.89,197.55,358.7,549.56,290.26,353.28,,142.61,450.82,,540.65,,,,
106,300.95,205.36,666.46,347.38,804.12,504.39,344.27,420.73,563.07,199.79,,43.44,165.58,,207.16,,,,
107,221.89,94.62,502.75,294.44,400.0,401.71,687.89,449.52,363.75,290.54,,210.72,910.34,,662.85,,,,
108,243.57,1481.19,637.62,1006.69,236.96,222.62,416.01,293.43,198.33,212.13,,418.95,788.12,,414.61,,,,
109,619.35,1256.39,402.71,1100.89,614.85,2072.22,233.81,598.16,434.04,285.2,,319.31,680.31,,157.49,,,,
110,302.92,1068.18,884.12,997.91,376.0,2298.05,89.5,482.08,340.23,212.17,,232.08,583.33,,915.04,,,,
111,220.11,1640.15,628.36,906.98,3365.95,2581.43,813.12,15.11,261.97,313.32,,433.78,509.15,,671.92,,,,
112,400.68,1774.59,197.99,551.63,3652.85,2829.81,486.88,721.94,166.25,224.55,,339.49,383.77,,470.93,,,,
113,317.02,1795.87,208.07,473.54,3909.04,1899.53,225.12,614.5,222.63,264.16,,1445.66,310.84,,256.15,,,,
114,240.35,1859.1,53.5,336.82,4328.92,1791.26,577.66,464.3,126.8,207.05,,1149.26,486.31,,72.78,,,,
115,300.31,4022.17,357.8,255.05,1808.45,1699.13,407.85,312.73,705.1,167.19,,895.58,400.62,,1059.88,,,,
116,233.36,4192.27,444.39,171.41,1765.91,1552.47,1498.61,66.82,587.95,164.11,,783.24,323.6,,953.94,,,,
117,186.6,3432.68,656.26,300.63,1374.6,1398.31,1804.82,767.34,474.89,180.77,,393.2,630.38,,742.17,,,,
118,49.38,2905.3,1109.89,222.91,867.48,487.1,1571.33,1002.66,285.56,870.02,,680.24,536.95,,400.0,,,,
119,392.0,2779.76,264.69,410.47,662.09,225.6,3379.12,1100.89,218.27,646.0,,586.89,388.05,,191.6,,,,
120,213.3,1454.83,656.83,313.31,568.24,3745.42,3802.29,883.0,554.95,555.91,,422.06,142.14,,1430.45,,,,
121,141.22,1402.83,452.69,227.26,340.55,2296.38,4392.0,718.12,339.49,382.06,,1089.38,170.75,,813.54,,,,
122,417.27,573.31,1909.43,355.46,399.53,611.29,3374.22,476.55,899.18,244.93,,992.02,96.78,,205.26,,,,
123,326.42,422.85,2019.04,190.21,487.73,459.6,2851.99,373.8,785.47,650.71,,453.48,1943.68,,130.79,,,,
124,1205.47,300.63,3414.62,325.01,324.23,516.74,588.28,284.18,681.79,312.01,,594.1,1854.77,,304.95,,,,
125,921.38,2336.66,3778.69,151.1,251.79,570.19,433.83,203.26,1114.67,1481.19,,654.18,1015.71,,231.79,,,,
126,796.97,2176.02,4174.85,399.95,462.08,270.5,292.8,383.12,550.89,1604.88,,567.37,1098.86,,358.22,,,,
127,684.86,724.83,2609.45,317.26,388.05,933.31,682.54,297.07,3943.93,1767.03,,422.97,1050.89,,275.82,,,,
128,399.01,542.03,2254.91,209.33,263.84,760.95,569.1,402.99,4071.02,1862.49,,402.68,276.65,,200.02,,,,
129,1121.38,384.44,186.39,374.06,241.6,687.89,467.11,293.53,3516.63,1356.84,,334.02,999.1,,298.6,,,,
130,448.62,248.99,520.48,276.65,945.94,353.66,373.94,210.72,1349.01,1455.47,,271.96,235.61,,398.54,,,,
131,2347.84,388.03,284.97,358.72,854.04,504.2,416.49,281.04,674.98,4328.81,,655.26,155.59,,313.94,,,,
132,1171.13,262.66,717.26,1009.14,769.16,438.39,202.16,335.96,355.59,4451.04,,824.4,367.86,,236.74,,,,
133,543.4,608.2,598.42,748.27,697.08,729.3,560.93,243.69,1013.59,3290.83,,425.95,279.31,,312.9,,,,
134,745.05,365.81,493.26,638.38,514.89,974.64,374.82,159.69,510.38,2812.99,,824.86,359.03,,244.98,,,,
135,732.18,201.68,399.12,372.38,514.06,442.92,567.03,357.7,1394.18,947.99,,640.38,265.67,,194.77,,,,
136,229.8,895.37,366.06,678.86,477.96,873.07,388.05,228.59,919.96,1308.34,,560.23,184.32,,62.95,,,,
137,671.92,553.48,466.55,507.21,210.06,502.26,251.41,184.66,437.32,531.05,,809.81,337.82,,190.75,,,,
138,448.03,342.91,370.04,873.31,135.95,358.77,127.74,173.91,132.05,329.82,,1406.99,256.61,,579.95,,,,
139,223.87,199.05,162.68,765.89,312.81,389.37,995.91,590.94,457.37,283.56,,3537.61,451.07,,471.89,,,,
140,199.85,145.45,363.56,587.27,165.58,1218.51,876.02,474.89,409.46,3143.23,,3809.42,354.77,,288.55,,,,
141,231.7,603.94,289.53,665.02,138.4,1256.54,677.06,284.56,807.38,2961.47,,3499.53,348.27,,463.1,,,,
142,882.47,539.89,87.33,578.79,74.91,1372.79,361.14,342.52,526.89,972.85,,1992.68,272.72,,370.96,,,,
143,963.93,258.7,117.31,611.69,282.12,3555.91,185.65,1119.81,150.08,859.03,,1942.91,213.93,,287.48,,,,
144,495.88,147.12,709.85,528.0,206.16,3803.14,540.72,971.27,821.4,657.63,,991.45,215.66,,814.3,,,,
145,251.81,984.39,587.98,388.54,252.04,2381.76,430.94,758.9,619.4,402.99,,684.16,193.68,,593.51,,,,
146,617.99,831.48,377.78,340.62,172.81,2244.14,333.28,582.18,1375.89,126.43,,592.72,512.89,,421.5,,,,
147,539.91,705.87,477.89,1072.88,336.22,1247.37,248.77,639.92,3324.48,575.04,,436.02,405.98,,282.03,,,,
148,816.89,564.53,235.97,938.95,203.53,423.46,371.45,548.68,3529.46,414.52,,839.4,313.32,,582.18,,,,
149,716.46,114.52,425.27,742.14,157.03,348.18,268.02,314.22,3899.82,703.24,,723.96,149.09,,442.62,,,,
150,1504.21,39.2,454.67,1699.4,90.12,799.29,717.26,780.54,3911.22,516.06,,618.84,514.06,,279.31,,,,
151,1616.55,337.26,367.91,701.24,24.14,687.87,362.06,678.94,2318.99,288.27,,445.43,414.0,,1062.14,,,,
152,1894.23,183.66,371.65,580.8,419.94,485.74,270.82,584.7,868.0,1067.92,,678.4,322.39,,846.98,,,,
153,2935.9,198.55,283.52,348.87,244.93,331.73,395.42,454.32,764.94,865.15,,529.77,601.24,,654.89,,,,
154,3737.72,130.0,201.27,265.45,170.96,430.35,310.84,512.62,579.14,671.29,,157.52,498.65,,421.56,,,,
155,3956.31,67.37,450.82,186.15,337.47,354.47,559.51,437.78,255.38,429.91,,508.97,409.81,,217.2,,,,
156,4381.72,445.22,353.28,297.76,102.02,647.69,351.19,940.22,1074.2,200.27,,432.08,372.99,,446.2,,,,
157,1892.76,275.91,463.5,379.75,1582.87,560.19,259.57,745.89,943.79,491.85,,730.27,304.95,,179.28,,,,
158,1841.68,269.69,361.24,290.54,1437.18,395.05,345.59,53.42,826.48,232.11,,528.82,564.64,,736.54,,,,
159,663.83,189.58,272.23,212.13,1301.88,78.14,268.91,701.7,719.49,942.01,,444.2,482.14,,524.59,,,,
160,459.62,102.49,320.22,417.47,1177.36,616.69,210.4,609.68,624.67,822.07,,256.95,339.16,,143.74,,,,
161,1353.94,385.33,465.14,322.33,772.61,522.67,201.75,387.56,452.1,933.55,,811.0,238.34,,784.64,,,,
162,1102.8,304.62,365.81,367.87,457.42,370.32,119.52,233.86,683.75,1071.88,,370.68,598.83,,549.29,,,,
163,991.14,194.73,277.49,194.21,306.37,217.52,606.99,1020.71,488.98,809.09,,725.3,504.72,,263.22,,,,
164,793.46,12.16,342.91,425.27,1179.19,365.61,488.88,1086.89,823.47,572.92,,841.41,342.86,,21.11,,,,
165,452.1,549.91,266.37,238.88,866.61,129.01,376.06,874.02,722.06,335.25,,946.57,479.8,,742.7,,,,
166,425.07,255.8,209.28,190.6,758.21,1007.51,280.64,631.99,396.47,1557.51,,750.14,334.45,,1101.89,,,,
167,515.36,178.72,183.08,249.83,512.75,1087.87,531.16,988.82,1068.64,1612.1,,129.24,155.76,,827.09,,,,
168,441.21,220.74,577.95,567.92,207.15,1036.89,318.39,373.07,837.85,527.22,,608.34,143.55,,595.94,,,,
169,461.54,736.8,453.9,455.9,208.16,939.95,226.5,286.27,738.61,247.36,,354.68,710.1,,288.55,,,,
170,374.86,621.73,255.8,353.15,427.89,800.12,376.67,364.92,571.23,166.13,,314.27,613.97,,1704.35,,,,
171,194.77,419.98,458.76,375.01,427.16,355.96,300.95,276.48,336.22,213.33,,232.96,283.56,,1548.43,,,,
172,188.15,259.81,492.06,285.51,354.09,273.72,232.17,251.81,366.57,149.7,,154.21,168.83,,577.51,,,,
173,1093.89,506.16,395.36,686.55,233.58,194.88,304.22,172.95,284.31,270.82,,388.26,727.08,,459.53,,,,
174,967.93,355.45,310.76,576.69,68.33,218.04,794.82,101.37,146.72,195.72,,306.37,659.98,,361.68,,,,
175,602.96,174.73,747.12,480.93,81.56,156.56,598.42,340.92,172.74,291.26,,302.31,418.26,,276.54,,,,
176,249.88,695.43,573.31,396.77,852.06,255.53,344.38,510.38,728.69,218.18,,206.41,427.25,,196.27,,,,
177,369.94,516.36,262.38,578.58,644.0,180.77,429.18,313.94,453.69,306.3,,133.49,331.17,,293.52,,,,
178,486.1,364.27,2348.31,481.88,460.89,311.94,224.22,148.86,251.69,221.78,,422.74,424.25,,216.63,,,,
179,293.26,178.63,1714.35,396.38,295.47,164.44,518.19,338.9,16.58,263.53,,335.71,331.53,,317.11,,,,
180,518.26,217.18,798.8,798.8,464.1,343.0,356.06,267.64,788.15,209.16,,261.67,806.86,,237.35,,,,
181,320.0,369.28,599.79,690.1,304.39,254.0,217.63,211.66,524.89,171.98,,328.45,362.06,,161.63,,,,
182,241.49,292.47,270.82,502.47,3482.67,172.81,540.33,112.26,412.73,193.52,,129.03,168.0,,444.05,,,,
183,690.97,435.94,304.67,789.8,3589.58,247.7,383.48,480.88,319.18,128.86,,302.0,296.42,,278.97,,,,
184,344.38,303.7,380.37,631.13,3787.88,204.62,260.71,378.06,234.99,313.38,,236.22,399.21,,440.52,,,,
185,258.35,213.93,496.74,451.77,3965.62,166.25,296.65,287.55,490.7,231.09,,136.28,508.43,,347.73,,,,
186,343.16,116.36,410.02,922.79,3675.05,130.9,645.05,323.4,389.04,160.1,,47.52,418.75,,46.32,,,,
187,262.66,39.85,264.79,824.48,1820.14,184.89,522.9,916.05,233.86,306.39,,198.78,274.66,,300.31,,,,
188,327.04,1077.84,353.92,576.02,391.03,643.02,344.19,794.74,165.58,214.89,,543.9,165.37,,235.01,,,,
189,239.52,935.95,122.69,295.7,847.92,411.97,196.43,687.39,550.94,938.75,,427.92,647.0,,189.59,,,,
190,374.86,758.16,280.12,1096.89,616.58,318.32,453.68,413.48,472.4,670.37,,327.26,572.92,,194.47,,,,
191,293.79,466.9,878.47,965.93,764.04,236.06,364.81,848.78,373.94,561.79,,239.95,282.63,,174.09,,,,
192,186.6,288.55,747.16,581.95,566.01,164.05,3199.28,749.35,288.35,465.45,,162.9,490.63,,652.04,,,,
193,207.12,1536.92,439.92,938.48,423.78,97.77,3450.15,1070.62,210.72,293.94,,511.93,446.3,,414.95,,,,
194,119.52,1660.46,206.35,698.08,357.58,339.49,3691.67,963.91,545.97,624.08,,415.09,352.42,,235.07,,,,
195,940.94,247.36,1091.57,3976.92,532.41,252.92,3870.02,866.61,356.59,456.62,,1103.29,268.17,,508.65,,,,
196,798.1,170.29,630.48,4055.14,371.34,936.52,4475.93,685.64,277.98,325.05,,955.64,342.34,,409.93,,,,
197,558.92,89.73,2944.86,4131.47,517.1,652.0,3474.83,378.52,588.13,983.08,,824.44,259.59,,321.4,,,,
198,348.19,182.27,3085.72,4356.86,446.11,567.03,2756.53,776.45,375.57,871.08,,592.94,440.44,,589.08,,,,
199,260.78,118.98,3350.77,1561.45,383.48,491.27,675.92,683.8,216.25,672.75,,409.15,347.99,,486.1,,,,
200,932.79,400.77,3596.74,1416.76,83.2,357.4,569.44,65.38,410.53,428.22,,615.2,265.67,,398.26,,,,
201,526.88,307.31,4014.93,816.19,607.96,752.43,436.02,772.79,318.17,177.91,,527.93,430.35,,250.82,,,,
202,317.4,224.35,3650.3,730.57,505.88,565.84,890.23,586.23,192.64,634.54,,253.97,341.91,,147.49,,,,
203,935.65,150.35,2672.22,948.26,342.24,485.48,787.24,437.32,198.9,535.96,,1403.11,384.6,,555.58,,,,
204,802.29,487.8,2201.6,830.46,195.44,295.66,592.24,345.69,105.61,678.81,,1272.58,293.87,,606.48,,,,
205,589.08,309.85,889.3,545.63,367.91,627.76,286.15,110.73,204.65,519.88,,582.47,482.02,,514.45,,,,
206,484.7,235.3,1650.45,460.11,296.42,545.96,455.29,911.53,609.97,313.3,,494.1,386.69,,369.51,,,,
207,705.88,334.55,681.32,663.61,229.53,476.84,302.1,1023.74,483.88,231.16,,159.5,305.93,,228.68,,,,
208,353.28,245.08,479.02,578.11,149.52,356.24,461.54,692.08,199.4,774.6,,579.41,192.64,,392.3,,,,
209,2282.07,235.25,653.17,696.2,223.55,564.14,340.67,235.97,684.71,725.3,,377.53,155.89,,6.9,,,,
210,1692.44,190.6,546.48,598.65,157.08,404.96,204.53,885.69,460.99,929.55,,835.03,74.65,,730.77,,,,
211,507.45,59.79,459.6,512.35,190.02,688.14,171.7,1828.91,368.9,1030.74,,560.93,153.09,,503.3,,,,
212,589.36,201.92,300.72,372.15,118.79,532.41,956.93,1937.53,1412.61,932.95,,293.07,554.91,,263.52,,,,
213,583.09,368.07,446.2,233.37,54.07,463.03,736.17,2677.58,1272.41,733.12,,732.33,439.92,,524.64,,,,
214,54.1,277.58,593.78,813.14,384.91,844.84,544.91,3688.61,916.92,261.69,,623.53,202.38,,389.9,,,,
215,816.09,196.43,493.39,698.1,228.24,752.6,301.4,3692.52,636.16,428.6,,341.57,1032.24,,237.19,,,,
216,593.84,248.0,234.8,606.97,248.43,592.43,481.01,1646.3,478.74,348.61,,220.0,3619.18,,122.99,,,,
217,418.4,166.2,854.65,574.52,166.48,129.01,383.24,1402.83,1009.05,442.58,,205.86,3796.16,,931.95,,,,
218,230.97,435.29,754.01,484.26,239.61,989.64,485.49,309.7,930.18,256.46,,125.97,4417.86,,840.09,,,,
219,243.5,351.7,582.82,288.35,187.59,1099.9,383.85,692.98,500.35,185.1,,751.16,3425.45,,462.9,,,,
220,1051.76,203.86,385.82,206.66,17.86,857.04,208.66,540.71,993.37,198.39,,480.89,2302.45,,1456.24,,,,
221,613.96,74.97,228.95,133.42,346.15,787.18,270.83,910.34,690.97,139.16,,333.25,2121.37,,139.21,,,,
222,287.55,473.05,134.92,280.72,258.79,664.02,196.99,797.92,609.57,1248.9,,783.09,214.62,,3305.23,,,,
223,155.99,245.59,741.72,204.43,108.7,1318.16,434.88,697.67,692.54,974.61,,596.12,699.2,,3402.46,,,,
224,1006.89,120.74,968.49,389.43,464.22,1222.7,335.33,608.2,523.25,761.8,,505.37,606.31,,3493.85,,,,
225,847.52,802.39,860.49,294.32,370.96,411.01,242.46,473.78,1006.19,666.92,,3710.17,450.02,,4400.29,,,,
226,3280.98,583.33,762.06,430.16,1504.21,233.58,378.52,502.96,931.62,432.66,,3818.62,826.87,,3380.14,,,,
227,3534.56,487.43,623.99,337.82,1346.08,164.74,289.27,356.59,429.31,297.12,,4007.78,729.29,,918.46,,,,
228,3755.1,294.93,522.89,312.53,1199.23,88.83,552.35,600.99,891.13,484.66,,3471.3,569.95,,739.59,,,,
229,4120.13,166.58,348.19,223.16,939.62,233.86,340.82,508.97,678.18,18.84,,1971.68,452.66,,574.14,,,,
230,3542.6,309.85,211.2,319.9,536.03,176.95,242.3,427.89,504.25,494.1,,194.0,295.42,,307.1,,,,
231,1861.37,406.2,1471.56,248.94,386.08,2172.89,326.04,680.85,258.36,250.4,,855.47,451.77,,1190.8,,,,
232,1811.22,250.4,451.57,196.93,195.59,1874.48,248.94,479.8,136.28,519.06,,666.9,295.88,,958.08,,,,
233,815.76,481.18,361.76,124.58,856.79,1167.13,194.77,404.55,156.73,436.79,,297.8,547.89,,747.53,,,,
234,367.63,329.12,328.35,410.95,635.32,969.26,173.6,100.55,607.57,292.12,,858.15,460.99,,653.17,,,,
235,854.61,217.52,234.99,311.38,458.22,782.29,87.3,1109.89,474.22,150.38,,614.89,323.38,,349.38,,,,
236,391.23,176.65,149.52,224.13,217.2,386.65,438.92,993.91,49.27,182.13,,517.21,230.97,,165.87,,,,
237,3318.85,232.11,400.76,405.78,272.91,603.19,336.25,889.0,128.68,956.94,,452.1,200.8,,588.14,,,,
238,3424.61,43.06,305.64,315.39,397.8,349.24,250.81,527.9,408.97,847.06,,305.91,122.69,,550.21,,,,
239,860.38,1029.71,481.29,777.41,334.55,651.36,581.98,901.49,207.23,650.02,,450.51,820.09,,465.14,,,,
240,755.1,968.92,375.58,662.86,519.88,459.5,468.45,802.23,1451.78,476.89,,319.12,730.14,,250.4,,,,
241,574.07,527.89,281.77,560.16,367.62,964.28,281.54,300.22,1348.4,267.68,,499.76,261.69,,545.1,,,,
242,481.6,378.06,349.24,388.9,171.05,669.11,948.56,217.07,1167.12,481.01,,419.47,153.04,,373.98,,,,
243,510.23,186.64,393.64,676.64,154.94,277.22,675.12,486.29,320.4,301.4,,192.02,670.15,,303.7,,,,
244,660.03,647.89,300.88,591.89,699.1,401.05,562.61,385.3,513.61,261.98,,685.71,584.13,,243.76,,,,
245,576.64,268.67,404.04,1002.72,616.97,245.71,457.2,223.55,405.49,183.12,,469.0,405.49,,209.02,,,,
246,957.94,2101.82,315.94,897.41,364.1,1102.89,281.36,426.83,329.05,259.59,,398.58,312.17,,36.69,,,,
247,875.71,2209.18,194.77,803.27,104.58,987.91,448.62,330.33,245.96,190.19,,324.71,228.74,,1070.88,,,,
248,668.48,3886.45,125.85,656.35,511.93,882.02,371.45,246.81,522.69,318.51,,796.41,392.63,,840.07,,,,
249,163.48,4353.77,40.29,560.93,342.55,683.08,307.1,317.02,335.19,238.88,,220.72,301.35,,563.92,,,,
250,193.89,4360.46,524.9,640.05,3386.24,289.55,1086.26,321.58,185.63,179.35,,976.91,456.0,,312.38,,,,
251,1108.89,3399.45,412.95,477.31,3482.67,763.98,972.37,231.19,3195.41,249.46,,866.04,354.03,,123.36,,,,
252,997.91,2539.99,317.32,350.51,3663.02,552.8,758.7,148.44,3341.32,321.42,,310.38,264.26,,602.82,,,,
253,896.99,398.57,571.19,267.54,3814.63,463.1,373.94,434.04,1580.18,234.8,,245.83,359.69,,438.97,,,,
254,628.99,222.79,357.72,868.04,4113.97,198.26,336.83,337.12,1245.31,251.97,,599.68,203.16,,561.79,,,,
255,284.56,3220.25,931.18,766.16,1895.91,120.85,269.85,262.27,464.89,200.19,,503.4,406.2,,446.3,,,,
256,481.01,547.33,796.11,673.06,1849.3,44.57,513.23,204.73,186.46,159.25,,418.26,311.13,,277.2,,,,
257,401.71,476.84,674.27,607.15,588.28,231.79,431.4,147.66,219.18,83.8,,501.03,147.97,,199.87,,,,
258,422.91,319.32,368.1,510.78,366.32,165.58,676.77,433.92,853.96,157.93,,393.95,444.74,,357.63,,,,
259,323.42,195.72,411.71,559.58,776.08,287.56,440.6,333.2,625.39,681.08,,303.05,352.3,,272.25,,,,
260,237.8,274.91,268.72,439.64,474.62,207.9,211.53,232.98,631.79,436.92,,220.49,217.35,,200.4,,,,
261,374.4,486.31,1883.44,326.93,322.92,136.26,170.75,436.98,528.24,274.58,,335.85,239.39,,248.22,,,,
262,197.79,322.2,1502.37,237.02,422.74,334.6,570.92,342.52,234.78,204.37,,440.15,61.08,,173.67,,,,
263,578.87,657.38,1278.39,383.9,482.08,190.21,486.88,860.0,206.17,640.16,,353.22,203.88,,309.74,,,,
264,266.45,475.64,815.31,296.35,397.88,350.54,402.0,742.96,899.51,473.67,,272.23,462.9,,449.66,,,,
265,190.02,273.05,442.66,263.49,159.6,264.92,185.52,637.55,1025.71,2045.54,,368.19,362.14,,356.82,,,,
266,120.2,138.67,544.77,180.05,302.43,321.64,540.72,451.43,957.93,2153.42,,289.27,274.58,,17.85,,,,
267,377.53,86.36,319.12,400.68,457.39,252.93,287.48,689.45,552.91,2355.19,,474.31,198.41,,271.12,,,,
268,292.34,866.04,803.31,311.84,366.26,164.97,1178.95,504.76,138.27,3778.69,,376.23,500.13,,212.79,,,,
269,317.98,659.04,696.72,489.14,243.76,153.99,1265.38,912.1,750.52,3911.11,,207.29,398.64,,176.65,,,,
270,231.19,493.88,427.89,382.53,217.56,66.11,3402.42,801.03,644.74,3427.68,,322.96,307.39,,157.15,,,,
271,392.14,265.68,222.32,288.47,22.33,423.95,3927.56,700.76,434.53,3284.53,,250.73,532.43,,180.92,,,,
272,302.92,87.58,700.29,131.85,679.08,322.31,4327.93,532.27,240.46,3098.07,,196.99,422.15,,495.88,,,,
273,182.78,1084.91,606.88,428.02,496.88,149.27,3458.68,578.44,490.7,689.45,,50.31,329.75,,388.03,,,,
274,129.55,822.65,447.49,193.78,403.98,543.04,2504.14,38.0,381.71,516.05,,229.74,350.35,,214.19,,,,
275,72.43,241.87,264.79,198.59,322.31,357.72,467.84,680.22,214.59,294.94,,424.94,219.45,,457.77,,,,
276,668.06,161.13,159.05,146.06,124.54,270.67,338.01,580.2,780.54,3555.6,,328.3,548.71,,346.55,,,,
277,427.94,71.88,24.14,604.97,645.81,970.4,191.59,427.16,508.3,3294.55,,244.93,445.72,,879.96,,,,
278,307.39,261.0,147.03,489.88,584.13,837.32,592.24,874.97,417.12,839.4,,170.81,356.24,,778.78,,,,
279,219.16,189.6,230.34,388.0,415.09,719.18,444.59,779.75,320.71,623.3,,421.34,280.37,,598.2,,,,
280,547.51,174.37,1047.89,416.18,225.93,612.59,397.73,622.75,238.11,484.36,,328.42,428.02,,518.21,,,,
281,345.55,106.22,923.96,329.43,147.3,517.41,228.02,383.33,462.27,283.96,,854.17,272.91,,380.29,,,,
282,1173.77,383.77,725.14,1499.73,355.45,284.85,259.67,913.98,289.27,403.81,,742.96,254.0,,321.48,,,,
283,892.48,314.92,450.91,1184.94,196.99,714.78,550.94,813.12,407.61,255.56,,640.89,615.9,,192.19,,,,
284,653.67,108.6,119.65,1046.15,134.16,530.14,322.82,634.01,316.58,467.25,,462.49,434.56,,101.36,,,,
285,358.82,439.84,604.01,920.89,160.21,304.95,756.07,834.93,488.68,385.26,,476.66,359.51,,671.38,,,,
286,982.75,342.86,417.27,708.58,92.31,2030.18,584.22,646.91,386.69,699.65,,322.15,165.31,,564.64,,,,
287,324.31,101.57,388.16,528.62,32.81,884.0,304.62,399.67,301.61,512.35,,258.9,109.09,,402.99,,,,
288,1615.96,573.22,293.26,1366.45,212.16,769.38,115.42,295.35,233.58,431.29,,507.45,853.06,,249.76,,,,
289,774.72,340.23,220.49,1252.02,219.01,581.1,778.33,214.88,171.7,245.24,,444.88,742.14,,927.44,,,,
290,456.0,225.05,282.85,1043.37,226.03,341.36,876.47,359.04,86.02,265.33,,281.77,541.9,,145.71,,,,
291,537.27,96.67,219.45,575.28,180.94,551.54,1043.79,274.36,728.14,54.76,,486.82,315.37,,642.7,,,,
292,528.14,206.82,415.46,435.63,5.59,299.6,716.1,340.55,600.98,130.79,,356.59,502.26,,497.64,,,,
293,260.97,1408.4,316.31,753.99,796.79,774.27,1733.69,254.76,480.89,826.4,,1093.24,423.53,,247.61,,,,
294,253.23,1722.53,353.34,632.41,1117.02,479.25,737.66,396.41,266.76,939.57,,1430.94,3332.54,,844.1,,,,
295,1167.17,940.57,388.08,533.58,968.64,477.86,352.42,308.75,189.62,1074.88,,173.3,3546.81,,703.11,,,,
296,1237.6,931.97,291.87,396.72,660.04,405.91,266.1,266.31,460.13,812.12,,380.77,3941.93,,343.8,,,,
297,277.98,648.02,297.32,227.05,453.91,262.27,309.25,29.19,3224.49,396.03,,251.69,4410.68,,16.27,,,,
298,31.79,325.31,227.21,819.12,445.38,440.6,225.6,249.21,3354.81,680.34,,403.26,3487.83,,575.47,,,,
299,952.93,84.68,147.66,719.12,3201.3,99.61,449.33,197.99,3592.63,583.15,,171.7,2089.99,,1109.89,,,,
300,751.19,541.88,56.99,527.9,3406.5,18.75,348.8,126.8,3898.74,326.42,,65.63,2058.6,,715.1,,,,
301,500.88,440.07,557.92,735.15,3769.49,1037.89,268.64,350.15,4142.81,1166.18,,169.83,347.95,,377.06,,,,
302,498.0,230.29,439.92,539.91,4071.72,832.11,307.86,253.8,2306.91,887.15,,820.11,1455.8,,124.14,,,,
303,416.18,239.83,261.69,461.12,1881.99,729.14,255.56,432.79,2254.91,764.21,,638.01,231.14,,1191.92,,,,
304,1804.47,160.3,589.64,1455.13,1831.83,384.06,322.82,341.52,1051.45,542.86,,496.88,717.26,,1034.79,,,,
305,1897.23,83.02,473.54,1559.57,425.04,634.83,413.78,971.27,424.25,281.36,,497.01,619.35,,743.93,,,,
306,3504.04,207.24,441.94,1904.16,296.35,537.77,337.56,839.55,303.49,550.33,,425.52,518.9,,447.71,,,,
307,3963.45,146.46,346.74,2214.62,514.13,448.48,183.78,617.3,1204.21,460.42,,3991.31,94.34,,192.89,,,,
308,3562.84,202.18,862.16,2734.33,418.51,1254.07,259.31,436.7,925.51,306.37,,4063.38,543.8,,130.9,,,,
309,1779.83,133.49,547.29,2884.24,255.53,2147.87,94.54,735.14,809.97,127.88,,4464.65,465.41,,369.27,,,,
310,723.46,72.12,299.94,3282.01,441.63,3555.96,69.64,548.68,614.89,3150.84,,3609.07,788.01,,294.94,,,,
311,537.61,400.68,499.4,3023.22,269.85,3751.04,824.09,1057.67,448.49,2925.65,,,696.07,,219.45,,,,
312,384.67,230.24,394.95,1632.76,473.6,4424.05,520.89,951.85,669.62,2822.67,,,231.19,,584.18,,,,
313,1085.8,162.51,301.52,1360.68,396.39,2313.22,264.76,855.43,584.99,2470.01,,,108.15,,292.12,,,,
314,837.17,260.15,136.99,615.2,69.51,2194.37,650.3,233.12,383.93,494.1,,,1246.8,,213.63,,,,
315,532.27,182.37,537.27,523.51,386.69,1608.07,314.39,629.45,1140.47,288.35,,,884.12,,357.58,,,,
316,467.95,106.04,299.5,291.39,316.35,1229.37,3761.3,814.09,938.82,461.09,,,722.58,,261.67,,,,
317,333.94,190.62,443.31,677.21,259.76,986.07,3937.86,704.01,468.67,1617.12,,,227.41,,415.96,,,,
318,268.78,145.31,354.0,568.24,149.56,626.3,4323.62,181.51,1060.17,1299.32,,,453.25,,329.07,,,,
319,553.81,159.05,452.17,479.91,175.9,187.61,3565.45,853.24,825.22,540.33,,,44.3,,102.49,,,,
320,388.74,377.03,366.26,408.81,1168.02,420.73,3349.68,753.9,727.45,362.63,,,995.66,,1431.33,,,,
321,1461.83,287.55,293.42,370.31,933.97,344.97,2745.76,546.5,560.84,289.16,,,1105.89,,1482.16,,,,
322,689.3,358.72,178.97,641.29,761.19,217.95,284.27,256.15,372.15,228.8,,,923.97,,739.26,,,,
323,357.7,265.72,19.2,463.73,693.08,438.76,761.8,671.26,833.38,243.81,,,237.96,,178.02,,,,
324,264.68,727.04,682.06,593.84,627.99,299.5,662.45,922.55,708.87,35.82,,,115.53,,327.82,,,,
325,148.61,609.54,570.95,494.79,570.92,565.9,503.0,1024.74,509.2,159.88,,,1260.93,,763.16,,,,
326,189.75,311.45,370.1,407.28,351.65,486.31,445.43,1100.89,166.93,925.97,,,1660.83,,404.98,,,,
327,775.44,233.58,140.06,211.66,280.51,415.96,393.29,1019.89,697.08,820.11,,,406.24,,26.68,,,,
328,1059.78,481.29,409.93,315.62,228.74,364.45,513.23,889.0,593.96,721.1,,,311.45,,710.51,,,,
329,1048.89,330.11,3826.9,760.16,150.06,302.38,432.08,414.89,334.25,551.9,,,228.12,,434.89,,,,
330,603.96,259.59,3942.93,660.04,212.55,182.78,922.74,319.18,162.9,352.15,,,305.64,,817.77,,,,
331,207.35,91.04,4230.61,477.89,145.97,284.31,828.71,233.58,788.73,186.51,,,235.93,,725.57,,,,
332,518.33,573.55,3692.52,609.32,182.91,130.9,599.25,413.28,585.52,348.61,,,166.96,,639.97,,,,
333,440.18,362.88,3382.59,513.07,111.09,1011.71,149.88,248.42,722.59,220.49,,,364.27,,323.16,,,,
334,596.81,213.63,2794.6,687.39,48.57,1105.89,999.91,3962.65,452.21,140.41,,,280.98,,1420.08,,,,
335,269.58,153.15,197.16,335.4,209.16,1032.89,911.97,4072.65,348.16,61.22,,,190.7,,1483.1,,,,
336,190.91,269.78,661.61,253.64,207.97,945.94,832.09,4264.7,174.19,170.83,,,113.91,,2181.55,,,,
337,434.62,46.85,413.28,172.24,131.41,254.8,694.08,685.64,426.45,112.37,,,102.38,,4439.07,,,,
338,256.8,304.9,547.86,380.17,258.21,709.03,544.9,806.19,331.53,276.6,,,,,3644.91,,,,
339,590.87,231.19,476.84,282.85,200.19,626.89,751.48,666.19,251.92,198.61,,,,,,,,,
340,371.72,203.53,212.88,300.11,153.54,377.06,584.33,738.08,192.99,129.25,,,,,,,,,
341,209.31,166.25,392.3,211.47,7.75,179.76,366.85,248.12,352.4,295.42,,,,,,,,,
342,391.15,115.12,237.3,134.9,356.14,101.88,682.63,1145.84,279.58,224.2,,,,,,,,,
343,303.67,78.75,590.96,351.36,262.77,26.99,427.25,653.79,201.44,324.86,,,,,,,,,
344,418.11,563.93,485.61,374.92,110.43,265.21,328.35,751.32,399.53,240.91,,,,,,,,,
345,230.64,231.99,227.86,276.09,316.39,191.0,239.06,979.64,314.04,291.19,,,,,,,,,
346,377.09,52.56,644.89,183.24,220.63,127.43,572.75,1041.89,227.22,229.78,,,,,,,,,
347,293.79,316.39,533.58,380.77,1468.45,229.43,275.07,251.81,511.1,185.66,,,,,,,,,
348,228.59,153.3,437.32,308.95,1169.77,152.46,443.21,1129.34,408.35,85.08,,,,,,,,,
349,182.78,3784.82,217.68,241.32,912.95,84.1,333.13,1032.57,460.99,163.76,,,,,,,,,
350,274.82,4024.26,272.61,119.52,695.76,297.51,153.87,1694.89,361.75,534.9,,,,,,,,,
351,197.95,4128.49,92.01,328.25,336.11,223.2,375.41,1516.86,219.82,424.94,,,,,,,,,
352,67.99,4321.64,692.1,238.95,418.46,335.33,285.11,2405.28,178.34,330.25,,,,,,,,,
353,208.97,4482.19,574.95,338.49,268.72,242.3,516.06,2670.75,177.71,174.77,,,,,,,,,
354,399.46,3450.14,469.89,249.99,533.97,158.33,314.55,4299.89,82.86,298.42,,,,,,,,,
355,939.57,3267.07,215.18,839.55,447.65,251.69,500.91,1746.22,161.82,209.06,,,,,,,,,
356,665.04,3273.76,426.51,723.11,215.04,200.19,413.27,1531.91,436.92,692.69,,,,,,,,,
357,209.33,195.31,338.52,635.33,495.27,108.3,317.26,284.62,173.78,487.68,,,,,,,,,
358,1122.67,405.14,1448.03,458.12,447.56,210.28,173.91,724.53,592.98,188.48,,,,,,,,,
359,465.21,242.16,1237.19,442.02,289.07,126.8,76.88,545.07,482.14,419.07,,,,,,,,,
360,1104.58,1528.3,11.3,313.54,446.65,412.95,513.89,397.79,297.42,340.93,,,,,,,,,
361,979.52,1283.76,3437.98,1005.84,302.38,223.13,402.98,1100.98,1015.85,206.46,,,,,,,,,
362,1790.14,766.27,3657.97,895.18,165.31,144.17,299.4,739.09,883.06,739.96,,,,,,,,,
363,3738.79,388.86,3950.07,620.72,141.34,530.18,548.5,643.38,765.07,629.99,,,,,,,,,
364,4120.13,366.06,4427.26,376.97,173.95,318.39,340.52,558.47,659.79,528.66,,,,,,,,,
365,3620.22,239.34,2677.22,513.59,474.89,231.38,969.53,486.58,325.52,367.3,,,,,,,,,
366,1819.22,441.9,2450.3,724.37,383.03,1033.23,713.35,520.11,923.98,219.36,,,,,,,,,
367,1771.3,354.65,193.08,557.37,223.13,765.92,603.45,249.46,564.45,396.41,,,,,,,,,
368,787.04,517.67,472.25,1306.3,598.49,654.51,515.21,637.62,1585.55,317.98,,,,,,,,,
369,516.87,358.59,320.74,1216.37,257.85,465.45,340.36,536.68,1316.38,235.36,,,,,,,,,
370,378.76,189.59,405.2,506.78,3326.48,317.79,338.76,227.03,760.44,515.13,,,,,,,,,
371,4104.95,150.05,316.31,209.02,3530.51,697.51,896.93,560.25,458.76,431.81,,,,,,,,,
372,4256.81,121.74,234.53,825.09,3706.04,495.93,673.61,477.02,259.9,357.24,,,,,,,,,
373,1161.3,52.21,423.9,727.14,3883.38,1963.96,569.1,392.63,403.81,192.67,,,,,,,,,
374,934.45,789.15,262.73,540.91,4263.7,441.83,426.83,1062.88,714.12,153.67,,,,,,,,,
375,585.56,684.08,80.35,394.03,1765.53,359.03,452.47,960.93,375.57,5.59,,,,,,,,,
376,248.99,479.89,501.17,1311.45,437.43,286.15,242.38,722.12,831.54,866.02,,,,,,,,,
377,591.3,242.94,402.71,1213.81,862.14,503.94,550.94,773.05,655.97,652.02,,,,,,,,,
378,455.8,612.68,232.02,1012.27,750.64,268.85,460.92,599.47,420.63,553.92,,,,,,,,,
379,568.04,863.96,92.48,,554.02,1065.01,107.36,368.83,177.44,297.46,,,,,,,,,
380,483.49,624.78,635.84,,439.6,424.38,845.51,295.35,279.89,100.45,,,,,,,,,
381,964.28,518.21,413.78,,562.2,633.81,429.39,212.87,864.45,443.28,,,,,,,,,
382,782.57,337.53,259.76,,298.5,544.51,262.27,413.28,997.69,273.62,,,,,,,,,
383,643.48,501.98,225.79,,545.93,324.29,257.41,310.66,881.0,3047.66,,,,,,,,,
384,396.72,268.02,130.9,,459.5,550.08,178.97,331.73,234.97,3291.09,,,,,,,,,
385,233.06,145.6,814.14,,107.36,195.73,804.12,244.64,901.49,3403.46,,,,,,,,,
386,39.37,722.59,705.1,,1448.24,513.28,603.97,179.35,796.58,3606.9,,,,,,,,,
387,180.02,520.28,623.97,,1522.6,693.08,425.94,375.41,364.86,3885.38,,,,,,,,,
388,833.18,356.24,535.9,,1168.97,492.88,209.22,289.27,3347.74,3451.07,,,,,,,,,
389,484.56,279.58,69.41,,498.13,141.22,668.94,300.88,3469.45,3399.45,,,,,,,,,
390,996.91,451.49,382.24,,137.23,1043.33,488.51,213.49,3603.91,2698.22,,,,,,,,,
391,836.09,342.86,319.18,,348.47,446.37,3784.82,288.59,3900.82,632.39,,,,,,,,,
392,695.06,260.15,219.08,,835.07,1292.35,3891.52,228.59,4296.8,538.26,,,,,,,,,
393,1308.9,161.69,367.09,,548.9,2013.41,3999.46,185.62,3488.76,342.82,,,,,,,,,
394,523.59,356.35,279.31,,499.88,3350.77,4157.34,125.85,2331.6,3505.87,,,,,,,,,
395,234.99,197.99,408.81,,1248.82,3849.45,4397.19,715.15,2279.6,3370.67,,,,,,,,,
396,155.59,113.9,308.91,,834.93,3490.6,2802.6,347.19,181.38,850.57,,,,,,,,,
397,447.82,707.93,417.47,,,2778.07,2713.45,254.8,928.08,629.99,,,,,,,,,
398,348.18,769.91,323.32,,,2552.07,487.1,384.24,718.7,472.4,,,,,,,,,
399,262.38,179.05,388.74,,,599.37,394.19,296.42,520.48,224.44,,,,,,,,,
400,566.01,698.02,295.27,,,456.02,1168.9,1027.89,205.84,391.15,,,,,,,,,
401,273.01,686.08,347.38,,,287.12,1047.84,901.78,762.68,249.46,,,,,,,,,
402,195.72,532.9,270.18,,,389.43,933.09,790.28,635.83,510.4,,,,,,,,,
403,125.76,298.46,210.4,,,321.52,732.4,597.94,532.27,320.01,,,,,,,,,
404,275.98,238.95,188.46,,,254.76,563.78,353.7,475.46,236.18,,,,,,,,,
405,391.57,80.56,93.28,,,315.03,177.22,639.08,595.91,668.48,,,,,,,,,
406,296.67,421.34,459.89,,,241.38,324.31,455.22,410.23,569.83,,,,,,,,,
407,210.73,331.43,353.15,,,451.77,641.94,312.81,726.42,397.22,,,,,,,,,
408,362.21,117.32,246.92,,,367.22,545.24,876.42,599.58,207.05,,,,,,,,,
409,178.25,828.91,494.88,,,216.25,197.48,776.95,275.87,198.59,,,,,,,,,
410,215.35,1166.58,391.43,,,740.67,1037.86,175.8,815.42,56.63,,,,,,,,,
411,33.08,830.57,484.7,,,665.67,431.81,512.4,591.23,108.81,,,,,,,,,
412,412.95,1762.64,383.85,,,600.05,215.22,305.66,496.18,933.95,,,,,,,,,
413,223.13,1802.34,877.27,,,475.09,36.69,762.57,333.55,711.12,,,,,,,,,
414,147.3,2589.12,566.66,,,271.66,510.83,575.9,213.45,624.99,,,,,,,,,
415,519.32,3864.88,245.59,,,80.98,725.3,192.02,996.9,277.65,,,,,,,,,
416,421.34,4130.48,1212.69,,,1084.88,933.55,1392.23,873.02,81.52,,,,,,,,,
417,1085.89,4435.56,1088.03,,,980.92,1022.71,1563.63,574.93,440.07,,,,,,,,,
418,934.78,3398.53,650.94,,,886.0,891.02,1283.63,398.0,349.65,,,,,,,,,
419,668.99,2926.83,246.05,,,726.14,544.9,483.5,948.61,935.65,,,,,,,,,
420,553.31,2535.53,571.65,,,599.94,137.29,477.0,725.85,806.24,,,,,,,,,
421,373.8,1442.22,680.22,,,343.58,1049.13,382.08,646.91,583.57,,,,,,,,,
422,908.36,696.13,483.49,,,173.63,,771.0,1118.45,486.89,,,,,,,,,
423,465.63,460.42,178.34,,,93.76,,1051.79,972.63,257.75,,,,,,,,,
424,87.56,1209.57,966.38,,,142.37,,982.92,840.42,609.92,,,,,,,,,
425,886.24,965.67,664.26,,,85.98,,905.98,721.74,425.65,,,,,,,,,
426,765.4,874.67,273.05,,,2927.89,,548.9,516.61,335.19,,,,,,,,,
427,654.89,678.94,265.33,,,2785.1,,588.45,701.96,152.96,,,,,,,,,
428,402.16,497.71,92.34,,,2652.16,,385.33,596.6,847.85,,,,,,,,,
429,569.47,307.86,194.87,,,2297.28,,295.35,270.13,604.25,,,,,,,,,
430,275.91,194.19,1014.9,,,1522.49,,214.27,605.62,417.12,,,,,,,,,
431,711.94,504.72,893.0,,,706.59,,344.6,504.7,267.86,,,,,,,,,
432,455.98,338.0,470.89,,,367.3,,260.97,421.01,234.27,,,,,,,,,
433,118.04,682.26,165.87,,,493.32,,210.72,336.95,243.69,,,,,,,,,
434,960.04,507.6,664.82,,,901.86,,130.67,436.8,167.85,,,,,,,,,
435,646.29,280.13,466.33,,,440.52,,63.21,277.98,492.01,,,,,,,,,
436,398.08,144.36,2661.93,,,1178.16,,7.28,670.77,347.38,,,,,,,,,
437,279.79,116.36,3185.19,,,979.07,,109.91,459.5,183.7,,,,,,,,,
438,253.94,840.09,3787.96,,,310.26,,111.13,291.87,219.46,,,,,,,,,
439,60.73,632.01,4097.46,,,415.61,,,609.07,75.59,,,,,,,,,
440,198.78,432.93,4421.95,,,275.77,,,502.3,96.45,,,,,,,,,
441,1007.9,274.58,2682.99,,,826.42,,,408.65,747.16,,,,,,,,,
442,799.12,254.85,2433.76,,,1022.71,,,259.76,636.03,,,,,,,,,
443,437.92,117.66,814.82,,,1105.93,,,174.86,217.17,,,,,,,,,
444,214.19,798.69,637.66,,,974.92,,,92.34,155.99,,,,,,,,,
445,613.87,585.22,363.04,,,155.99,,,865.04,587.8,,,,,,,,,
446,520.3,480.15,942.03,,,684.71,,,708.1,369.27,,,,,,,,,
447,280.51,303.05,820.65,,,625.7,,,580.95,96.94,,,,,,,,,
448,1403.03,226.25,587.79,,,489.64,,,294.47,684.17,,,,,,,,,
449,3149.98,164.19,412.69,,,655.13,,,583.15,471.38,,,,,,,,,
450,3468.45,2946.25,154.56,,,539.41,,,483.13,1805.86,,,,,,,,,
451,4161.42,461.82,552.27,,,1361.66,,,402.19,1733.5,,,,,,,,,
452,4323.62,360.67,468.55,,,1717.58,,,516.14,2490.91,,,,,,,,,
453,3489.14,213.63,688.14,,,2788.41,,,670.86,2661.99,,,,,,,,,
454,1840.76,375.56,583.76,,,3553.91,,,1089.64,3935.78,,,,,,,,,
455,1794.14,329.7,322.82,,,3887.45,,,2418.55,4417.98,,,,,,,,,
456,136.26,247.86,149.91,,,3653.54,,,2539.85,3869.07,,,,,,,,,
457,754.66,404.55,809.11,,,2432.45,,,2762.76,2916.07,,,,,,,,,
458,429.43,254.17,362.68,,,2337.37,,,3488.76,1371.45,,,,,,,,,
459,1162.19,203.63,320.69,,,2003.45,,,3524.6,626.59,,,,,,,,,
460,1017.49,164.97,5.73,,,954.68,,,2247.3,533.18,,,,,,,,,
461,794.33,130.9,225.36,,,549.5,,,2196.6,308.51,,,,,,,,,
462,600.65,999.91,756.32,,,478.86,,,132.74,1212.69,,,,,,,,,
463,325.71,780.21,895.49,,,306.37,,,744.9,1083.56,,,,,,,,,
464,528.57,602.96,1050.89,,,771.61,,,431.63,850.09,,,,,,,,,
465,661.44,356.14,834.09,,,497.71,,,350.35,744.43,,,,,,,,,
466,467.25,162.9,472.89,,,452.1,,,168.89,407.42,,,,,,,,,
467,308.32,712.44,199.4,,,333.94,,,563.78,182.91,,,,,,,,,
468,341.7,464.67,1298.52,,,374.42,,,463.5,379.51,,,,,,,,,
469,209.41,363.09,1503.8,,,300.59,,,291.94,249.46,,,,,,,,,
470,244.46,118.11,,,,590.96,,,546.95,635.45,,,,,,,,,
471,181.18,42.68,,,,504.72,,,451.49,533.13,,,,,,,,,
472,181.97,142.37,,,,362.34,,,288.27,205.94,,,,,,,,,
473,811.25,87.24,,,,111.75,,,587.39,127.03,,,,,,,,,
474,700.24,127.84,,,,281.07,,,487.73,602.85,,,,,,,,,
475,937.57,65.16,,,,180.08,,,317.36,507.6,,,,,,,,,
476,1044.76,9.79,,,,393.77,,,786.71,342.01,,,,,,,,,
477,923.97,411.22,,,,252.99,,,667.07,180.94,,,,,,,,,
478,611.96,327.41,,,,196.68,,,462.92,252.99,,,,,,,,,
479,984.39,251.51,,,,747.16,,,315.94,114.15,,,,,,,,,
480,546.17,266.31,,,,587.95,,,286.21,162.06,,,,,,,,,
481,380.97,183.74,,,,517.89,,,215.35,1087.89,,,,,,,,,
482,191.49,441.98,,,,403.98,,,1102.89,855.04,,,,,,,,,
483,441.22,224.66,,,,514.06,,,998.91,650.02,,,,,,,,,
484,256.07,181.88,,,,284.48,,,790.18,451.91,,,,,,,,,
485,184.82,52.53,,,,202.46,,,624.99,161.92,,,,,,,,,
486,560.18,294.47,,,,111.3,,,369.1,498.0,,,,,,,,,
487,180.77,214.19,,,,35.74,,,860.12,399.63,,,,,,,,,
488,112.5,143.19,,,,162.27,,,524.74,145.29,,,,,,,,,
489,372.14,345.55,,,,103.59,,,301.63,767.3,,,,,,,,,
490,289.27,254.91,,,,124.44,,,214.27,651.45,,,,,,,,,
491,332.52,726.19,,,,60.44,,,136.28,542.28,,,,,,,,,
492,244.52,607.89,,,,346.14,,,58.6,444.89,,,,,,,,,
493,918.55,333.99,,,,266.79,,,451.62,282.77,,,,,,,,,
494,728.1,256.34,,,,195.17,,,356.22,345.26,,,,,,,,,
495,556.06,388.26,,,,306.3,,,274.36,270.83,,,,,,,,,
496,416.52,309.25,,,,224.55,,,202.42,149.7,,,,,,,,,
497,172.34,817.54,,,,226.23,,,336.14,771.61,,,,,,,,,
498,97.39,706.59,,,,182.78,,,253.35,660.22,,,,,,,,,
499,679.27,605.11,,,,135.21,,,179.33,544.25,,,,,,,,,
500,995.66,390.26,,,,158.1,,,111.09,461.82,,,,,,,,,
501,604.94,314.71,,,,482.88,,,494.29,244.64,,,,,,,,,
502,245.92,438.76,,,,273.66,,,307.75,455.6,,,,,,,,,
503,77.66,281.04,,,,189.62,,,232.27,373.28,,,,,,,,,
504,664.82,492.68,,,,115.53,,,484.9,234.27,,,,,,,,,
505,489.5,300.69,,,,495.87,,,383.85,408.29,,,,,,,,,
506,1506.92,83.88,,,,298.42,,,295.27,318.77,,,,,,,,,
507,2821.9,434.04,,,,209.93,,,380.77,237.57,,,,,,,,,
508,3468.45,292.49,,,,819.12,,,293.42,413.27,,,,,,,,,
509,3891.52,235.99,,,,686.55,,,180.94,338.9,,,,,,,,,
510,4185.2,48.44,,,,457.34,,,146.72,183.73,,,,,,,,,
511,3270.22,686.11,,,,368.1,,,759.16,108.77,,,,,,,,,
512,3228.45,583.95,,,,221.1,,,399.98,1107.89,,,,,,,,,
513,,403.98,,,,702.8,,,221.14,880.02,,,,,,,,,
514,,326.26,,,,507.21,,,654.65,778.13,,,,,,,,,
515,,480.02,,,,284.27,,,364.81,523.89,,,,,,,,,
516,,302.39,,,,2360.82,,,966.81,319.31,,,,,,,,,
517,,220.63,,,,1459.89,,,834.23,708.06,,,,,,,,,
518,,3721.34,,,,681.67,,,501.03,634.83,,,,,,,,,
519,,3924.48,,,,500.78,,,392.63,355.27,,,,,,,,,
520,,4211.1,,,,335.33,,,322.15,272.4,,,,,,,,,
521,,4364.16,,,,615.09,,,817.54,171.12,,,,,,,,,
522,,3422.3,,,,380.65,,,614.89,359.8,,,,,,,,,
523,,2544.07,,,,487.02,,,518.9,199.61,,,,,,,,,
524,,1410.07,,,,399.21,,,297.12,137.81,,,,,,,,,
525,,643.78,,,,247.04,,,467.57,327.32,,,,,,,,,
526,,484.24,,,,440.07,,,392.3,243.23,,,,,,,,,
527,,982.2,,,,360.86,,,693.9,174.37,,,,,,,,,
528,,853.2,,,,290.82,,,577.37,236.3,,,,,,,,,
529,,621.58,,,,218.51,,,331.11,335.96,,,,,,,,,
530,,372.54,,,,611.25,,,741.32,249.82,,,,,,,,,
531,,297.12,,,,772.18,,,534.16,202.44,,,,,,,,,
532,,58.77,,,,666.04,,,370.32,162.41,,,,,,,,,
533,,632.61,,,,567.92,,,413.7,78.75,,,,,,,,,
534,,391.15,,,,318.32,,,248.57,169.09,,,,,,,,,
535,,678.04,,,,1266.62,,,1094.9,272.66,,,,,,,,,
536,,472.19,,,,402.7,,,996.91,189.48,,,,,,,,,
537,,27.88,,,,1227.53,,,664.06,117.48,,,,,,,,,
538,,1194.43,,,,1568.23,,,392.0,362.76,,,,,,,,,
539,,472.87,,,,2408.93,,,645.94,266.72,,,,,,,,,
540,,316.35,,,,3221.46,,,551.63,179.34,,,,,,,,,
541,,212.65,,,,4064.47,,,2704.92,926.72,,,,,,,,,
542,,73.37,,,,4397.19,,,3114.82,665.08,,,,,,,,,
543,,1415.89,,,,2406.45,,,3770.49,462.49,,,,,,,,,
544,,760.34,,,,2236.53,,,3880.31,309.34,,,,,,,,,
545,,924.55,,,,516.05,,,4178.93,548.11,,,,,,,,,
546,,998.69,,,,322.92,,,3740.37,470.04,,,,,,,,,
547,,1034.89,,,,242.46,,,2063.99,309.25,,,,,,,,,
548,,813.12,,,,172.95,,,1273.76,999.61,,,,,,,,,
549,,,,,,111.09,,,542.38,871.08,,,,,,,,,
550,,,,,,520.11,,,829.22,772.48,,,,,,,,,
551,,,,,,445.03,,,725.38,360.67,,,,,,,,,
552,,,,,,656.35,,,546.46,223.03,,,,,,,,,
553,,,,,,555.91,,,341.68,361.82,,,,,,,,,
554,,,,,,467.25,,,705.73,223.2,,,,,,,,,
555,,,,,,227.03,,,609.06,441.21,,,,,,,,,
556,,,,,,218.65,,,523.36,272.49,,,,,,,,,
557,,,,,,1259.56,,,339.97,512.35,,,,,,,,,
558,,,,,,1139.27,,,542.59,361.75,,,,,,,,,
559,,,,,,450.79,,,456.78,293.42,,,,,,,,,
560,,,,,,347.6,,,751.03,192.73,,,,,,,,,
561,,,,,,211.24,,,525.31,177.71,,,,,,,,,
562,,,,,,800.12,,,356.06,36.69,,,,,,,,,
563,,,,,,710.1,,,1168.26,175.9,,,,,,,,,
564,,,,,,642.03,,,1043.22,776.15,,,,,,,,,
565,,,,,,567.92,,,830.12,665.04,,,,,,,,,
566,,,,,,441.92,,,656.6,559.92,,,,,,,,,
567,,,,,,1253.34,,,453.55,309.38,,,,,,,,,
568,,,,,,1306.98,,,602.57,363.81,,,,,,,,,
569,,,,,,462.11,,,529.12,270.63,,,,,,,,,
570,,,,,,,,,1028.89,3538.61,,,,,,,,,
571,,,,,,,,,911.97,3761.3,,,,,,,,,
572,,,,,,,,,805.17,3936.78,,,,,,,,,
573,,,,,,,,,544.9,4106.71,,,,,,,,,
574,,,,,,,,,148.11,3352.3,,,,,,,,,
575,,,,,,,,,1760.29,3247.76,,,,,,,,,
576,,,,,,,,,1257.72,2622.07,,,,,,,,,
577,,,,,,,,,1078.25,693.9,,,,,,,,,
578,,,,,,,,,894.85,538.43,,,,,,,,,
579,,,,,,,,,,337.35,,,,,,,,,
580,,,,,,,,,,1067.03,,,,,,,,,
581,,,,,,,,,,933.09,,,,,,,,,
582,,,,,,,,,,694.57,,,,,,,,,
583,,,,,,,,,,588.64,,,,,,,,,
584,,,,,,,,,,353.22,,,,,,,,,
585,,,,,,,,,,213.63,,,,,,,,,
586,,,,,,,,,,518.91,,,,,,,,,
587,,,,,,,,,,431.51,,,,,,,,,
588,,,,,,,,,,215.17,,,,,,,,,
589,,,,,,,,,,761.94,,,,,,,,,
590,,,,,,,,,,671.53,,,,,,,,,
591,,,,,,,,,,499.06,,,,,,,,,
592,,,,,,,,,,284.07,,,,,,,,,
593,,,,,,,,,,170.83,,,,,,,,,
594,,,,,,,,,,262.58,,,,,,,,,
595,,,,,,,,,,562.72,,,,,,,,,
596,,,,,,,,,,415.61,,,,,,,,,
597,,,,,,,,,,165.94,,,,,,,,,
598,,,,,,,,,,926.44,,,,,,,,,
599,,,,,,,,,,677.77,,,,,,,,,
600,,,,,,,,,,480.09,,,,,,,,,
601,,,,,,,,,,769.35,,,,,,,,,
602,,,,,,,,,,880.49,,,,,,,,,
603,,,,,,,,,,1060.89,,,,,,,,,
604,,,,,,,,,,838.07,,,,,,,,,
605,,,,,,,,,,365.1,,,,,,,,,
606,,,,,,,,,,395.49,,,,,,,,,
607,,,,,,,,,,319.39,,,,,,,,,
608,,,,,,,,,,188.7,,,,,,,,,
609,,,,,,,,,,109.06,,,,,,,,,
610,,,,,,,,,,32.32,,,,,,,,,
611,,,,,,,,,,147.83,,,,,,,,,
612,,,,,,,,,,82.52,,,,,,,,,
613,,,,,,,,,,268.64,,,,,,,,,
614,,,,,,,,,,192.16,,,,,,,,,
615,,,,,,,,,,125.76,,,,,,,,,
616,,,,,,,,,,217.17,,,,,,,,,
617,,,,,,,,,,363.1,,,,,,,,,
618,,,,,,,,,,270.5,,,,,,,,,
619,,,,,,,,,,187.35,,,,,,,,,
620,,,,,,,,,,411.55,,,,,,,,,
621,,,,,,,,,,180.08,,,,,,,,,
622,,,,,,,,,,40.08,,,,,,,,,
623,,,,,,,,,,248.82,,,,,,,,,
624,,,,,,,,,,188.49,,,,,,,,,
625,,,,,,,,,,132.19,,,,,,,,,
626,,,,,,,,,,718.05,,,,,,,,,
627,,,,,,,,,,629.06,,,,,,,,,
628,,,,,,,,,,462.11,,,,,,,,,
629,,,,,,,,,,693.84,,,,,,,,,
630,,,,,,,,,,586.38,,,,,,,,,
631,,,,,,,,,,1251.38,,,,,,,,,
632,,,,,,,,,,1469.41,,,,,,,,,
633,,,,,,,,,,1457.6,,,,,,,,,
634,,,,,,,,,,4153.16,,,,,,,,,
635,,,,,,,,,,4210.0,,,,,,,,,
636,,,,,,,,,,4330.36,,,,,,,,,
637,,,,,,,,,,3684.45,,,,,,,,,
